Model,RMSE,MAE,MAPE,R2
Baseline,5.127123056285148,4.1921522757592475,14.609504456788372,0.3552546224479619
Enhanced,5.52753803326195,4.664203843913865,16.39273045151702,0.25061631450498867
