feature,importance
month,0.46934253
lst_3month_avg,0.32453966
lst_12month_avg,0.09774743
year,0.021319434
year_index,0.020525686
builtup_ndvi,0.020030612
mean_ndvi,0.017614042
ndvi_lag2,0.0056995074
ndvi_lag1,0.0046451595
area_sq_km,0.0030056562
urban_intensity,0.002708822
ndvi_3month_avg,0.0024559393
built_up_percent,0.0022518141
heat_exposure_index,0.0021947206
population_density,0.0021373318
population,0.0020628117
ndvi_change,0.0017189005
