Dataset,RMSE,MAE,MedAE,MAPE,R2
Training,0.6824568369933216,0.5162810714911404,0.4099472962132964,0.016340608727349538,0.9911286878863071
Validation,1.9877370839928832,1.646456440189219,1.57028633939073,0.056808573163505044,0.9226278267645285
Test,3.2704614520596267,2.7148685336709044,2.507398198502184,0.0972690546399576,0.7376634370756874
